Model,MSE,RMSE,MAE,MAPE,R-Squared
Direct_No_MFDFA_Ridge,0.0004290020925976812,0.020712365692930425,0.012022211982327655,0.2760380332860256,0.2786658138940262
Direct_No_MFDFA_LSTM,0.0004270877084308874,0.020666100465034216,0.011750802423557348,0.2601019196475519,0.2818847043579088
Direct_No_MFDFA_BI-LSTM,0.0004261227366390602,0.020642740531214846,0.011706151266920145,0.2610331527586991,0.28350723057417526
Direct_No_MFDFA_GRU,0.00042994981951031307,0.02073523135897724,0.011696472601243103,0.25466220327085204,0.27707228362233316
Direct_No_MFDFA_BI-GRU,0.0004321621353496362,0.0207885096952532,0.01196374440033068,0.25823563469478494,0.2733524438525443
Direct_With_MFDFA_Ridge,0.0004299390481440815,0.02073497162149207,0.012002489888126796,0.27096454653964813,0.2770903948502921
Direct_With_MFDFA_LSTM,0.0004450855336363923,0.021097050353933184,0.012388715514504118,0.2786225082479184,0.25162273869317386
Direct_With_MFDFA_BI-LSTM,0.00044815540649598975,0.02116968130359996,0.012467130036172298,0.27546291894597896,0.24646098242476522
Direct_With_MFDFA_GRU,0.00043903129756497135,0.020953073702084175,0.012048894595707436,0.27243439348166454,0.2618024733015254
Direct_With_MFDFA_BI-GRU,0.0004311695935679962,0.020764623607664942,0.011860363333759404,0.2635924762342184,0.27502132689668113
Hybrid_Benchmark_No_MFDFA_Ridge,0.0005948500263666783,0.024389547481793884,0.010832746085325601,0.2234358650070107,-0.0001947939837256829
Hybrid_Benchmark_No_MFDFA_LSTM,0.00044237772845346886,0.021032777478342438,0.01095529555845217,0.22630094377946303,0.25617570587319494
Hybrid_Benchmark_No_MFDFA_BI-LSTM,0.0004134648034087172,0.02033383395743944,0.010964588730520053,0.2275537312030217,0.304790576557888
Hybrid_Benchmark_No_MFDFA_GRU,0.00043267227124957423,0.020800775736726125,0.010968952979037272,0.22983927806387128,0.27249468937876764
Hybrid_Benchmark_No_MFDFA_BI-GRU,0.00042736688302454486,0.020672853770695155,0.011226667668417416,0.23425539777794893,0.2814152936445997
Hybrid_Benchmark_With_MFDFA_Ridge,0.000609541604402429,0.02468889637878593,0.011041058061304334,0.22507121480626166,-0.024897558067837222
Hybrid_Benchmark_With_MFDFA_LSTM,0.00044629830694421015,0.021125773522979226,0.011347877817103691,0.23473449425098583,0.24958355319263548
Hybrid_Benchmark_With_MFDFA_BI-LSTM,0.0005182309117664804,0.022764685628544938,0.01177454621017103,0.24521390010091074,0.12863438336512356
Hybrid_Benchmark_With_MFDFA_GRU,0.0004299363472630424,0.020734906492748947,0.011232289904473624,0.23534167295747566,0.2770949361750542
Hybrid_Benchmark_With_MFDFA_BI-GRU,0.0006166887731836063,0.024833219146610984,0.012416104844152868,0.2609632749457802,-0.036914975382785764
Hybrid_Delta_H_No_MFDFA_Ridge,0.0006257230035007718,0.02501445589056,0.010820766583160881,0.22339667051797593,-0.05210534224898633
Hybrid_Delta_H_No_MFDFA_LSTM,0.00043676949624684374,0.020899030988226312,0.011036828785321065,0.22920529781766347,0.2656055191166773
Hybrid_Delta_H_No_MFDFA_BI-LSTM,0.0004290146378328322,0.020712668534808163,0.011006106191265071,0.22757163681140583,0.27864472004123775
Hybrid_Delta_H_No_MFDFA_GRU,0.00041994097791814115,0.0204924614899758,0.011116902629748356,0.23110081496048196,0.2939013847580323
Hybrid_Delta_H_No_MFDFA_BI-GRU,0.0004280271082508819,0.020688816018585545,0.01123851698148528,0.23333949967122036,0.2803051754551925
Hybrid_Delta_H_With_MFDFA_Ridge,0.0006342064620652072,0.025183456118356894,0.010994878144164125,0.22400069092603597,-0.06636962856490292
Hybrid_Delta_H_With_MFDFA_LSTM,0.0004474751538705563,0.021153608530710695,0.011339434271847635,0.23599798237976144,0.24760477515300638
Hybrid_Delta_H_With_MFDFA_BI-LSTM,0.0005475573639206112,0.02339994367344954,0.012221538531712406,0.2518833385574463,0.07932419849426764
Hybrid_Delta_H_With_MFDFA_GRU,0.000456531278914151,0.021366592590166336,0.01161620997140005,0.24034198100110485,0.23237759397997304
Hybrid_Delta_H_With_MFDFA_BI-GRU,0.00046900684191561746,0.02165656579228612,0.012349367585411067,0.2618772200908162,0.21140088957886904
Hybrid_Delta_Alpha_No_MFDFA_Ridge,0.000609996735306877,0.0246981119785881,0.010816908830592258,0.22346737374127104,-0.025662825851366478
Hybrid_Delta_Alpha_No_MFDFA_LSTM,0.00043097490126035604,0.02075993500135191,0.010906819236707048,0.22623185464873577,0.2753486871116916
Hybrid_Delta_Alpha_No_MFDFA_BI-LSTM,0.00042219233882727125,0.02054731950467679,0.01090670579787455,0.22640318566033055,0.2901158936915793
Hybrid_Delta_Alpha_No_MFDFA_GRU,0.00043465336391775006,0.02084834199445486,0.011145989605010882,0.23350358859406273,0.2691636336751786
Hybrid_Delta_Alpha_No_MFDFA_BI-GRU,0.0004223106243758658,0.020550197672428015,0.01129240352249509,0.23550998974019519,0.2899170055943049
Hybrid_Delta_Alpha_With_MFDFA_Ridge,0.0006175266568851822,0.024850083639400132,0.010995374973768252,0.2241827046662625,-0.038323812701662296
Hybrid_Delta_Alpha_With_MFDFA_LSTM,0.00045747963246802777,0.021388773514814444,0.01167309558533882,0.24379911123214587,0.23078301005898516
Hybrid_Delta_Alpha_With_MFDFA_BI-LSTM,0.0004414787512384491,0.021011395747033302,0.011578609390121376,0.2434661415927874,0.2576872672592888
Hybrid_Delta_Alpha_With_MFDFA_GRU,0.0004654465347110202,0.0215742099440749,0.011685521477857296,0.2425341128357641,0.21738727366423483
Hybrid_Delta_Alpha_With_MFDFA_BI-GRU,0.0004367768346384603,0.020899206555236978,0.011582106467177328,0.24134265237164748,0.2655931801727994
